neutraliser,002-00001 v3
neutraliser,002-00005 v3
neutraliser,002-00007 v3
neutraliser,002-00014 v3
neutraliser,002-00031 v3
neutraliser,002-00036 v3
neutraliser,002-00037 v3
neutraliser,002-00040 v3
neutraliser,004-00003 v2
neutraliser,004-00006 v3
neutraliser,004-00008 v3
neutraliser,004-00009 v3
neutraliser,004-00016 v3
neutraliser,004-00017 v2
neutraliser,004-00024 v3
neutraliser,004-00025 v3
non-neutraliser,002-00003 v3
non-neutraliser,002-00008 v3
non-neutraliser,002-00012 v3
non-neutraliser,002-00016 v3
non-neutraliser,002-00018 v3
non-neutraliser,002-00021 v4
non-neutraliser,002-00022 v4
non-neutraliser,002-00024 v2
non-neutraliser,002-00028 v4
non-neutraliser,002-00029 v3
non-neutraliser,002-00035 v3
non-neutraliser,004-00012 v2
non-neutraliser,004-00022 v3
non-neutraliser,004-00028 v2
non-neutraliser,004-00030 v2